{
  "collapse-filter": false,
  "search": "",
  "showTags": false,
  "showAttachments": false,
  "hideUnresolved": false,
  "showOrphans": true,
  "collapse-color-groups": false,
  "colorGroups": [
    {
      "query": "path:\"Basis Data\"  ",
      "color": {
        "a": 1,
        "rgb": 16748303
      }
    },
    {
      "query": "path:\"Jaringan Komputer\"  ",
      "color": {
        "a": 1,
        "rgb": 16774912
      }
    },
    {
      "query": "path:Multimedia  ",
      "color": {
        "a": 1,
        "rgb": 3591448
      }
    },
    {
      "query": "path:\"Algoritma & Pemrograman\"  ",
      "color": {
        "a": 1,
        "rgb": 16711680
      }
    }
  ],
  "collapse-display": false,
  "showArrow": true,
  "textFadeMultiplier": -3,
  "nodeSizeMultiplier": 0.852864583333333,
  "lineSizeMultiplier": 1.29947916666667,
  "collapse-forces": false,
  "centerStrength": 0,
  "repelStrength": 0,
  "linkStrength": 0,
  "linkDistance": 250,
  "scale": 1.0742405463740268,
  "close": false
}