{
  "main": {
    "id": "c786e630cb7edb07",
    "type": "split",
    "children": [
      {
        "id": "310f14d90ef92a2b",
        "type": "tabs",
        "children": [
          {
            "id": "989786f10094944a",
            "type": "leaf",
            "state": {
              "type": "markdown",
              "state": {
                "file": "Jaringan Komputer/TCP IP Protocol.md",
                "mode": "source",
                "source": false
              }
            }
          },
          {
            "id": "9a5d39c2a9efd6fa",
            "type": "leaf",
            "state": {
              "type": "markdown",
              "state": {
                "file": "Algoritma & Pemrograman/Algoritma.md",
                "mode": "source",
                "source": false
              }
            }
          },
          {
            "id": "a22f0dcb515dabc2",
            "type": "leaf",
            "state": {
              "type": "markdown",
              "state": {
                "file": "Notes of Selftest LCC.md",
                "mode": "source",
                "source": false
              }
            }
          },
          {
            "id": "61d53073e7acc23b",
            "type": "leaf",
            "state": {
              "type": "markdown",
              "state": {
                "file": "Basis Data/Database.md",
                "mode": "source",
                "source": false
              }
            }
          },
          {
            "id": "b5c9b35605d6dcec",
            "type": "leaf",
            "state": {
              "type": "markdown",
              "state": {
                "file": "Basis Data/DBMS.md",
                "mode": "source",
                "source": false
              }
            }
          },
          {
            "id": "4479404e75711f15",
            "type": "leaf",
            "state": {
              "type": "markdown",
              "state": {
                "file": "Basis Data/SQL.md",
                "mode": "source",
                "source": false
              }
            }
          },
          {
            "id": "4b2ace985b7a3247",
            "type": "leaf",
            "state": {
              "type": "markdown",
              "state": {
                "file": "Algoritma & Pemrograman/Algoritma.md",
                "mode": "source",
                "source": false
              }
            }
          },
          {
            "id": "05ee97a903cf2c04",
            "type": "leaf",
            "state": {
              "type": "markdown",
              "state": {
                "file": "Algoritma & Pemrograman/Pseudocode.md",
                "mode": "source",
                "source": false
              }
            }
          },
          {
            "id": "a83b38c975d17c12",
            "type": "leaf",
            "state": {
              "type": "markdown",
              "state": {
                "file": "Algoritma & Pemrograman/Algoritma.md",
                "mode": "source",
                "source": false
              }
            }
          }
        ],
        "currentTab": 8
      },
      {
        "id": "f22a3bfba7709eb5",
        "type": "tabs",
        "children": [
          {
            "id": "dbf8f611697fa2c0",
            "type": "leaf",
            "state": {
              "type": "markdown",
              "state": {
                "file": "Jaringan Komputer/Hasil Kuis (Pengkabelan).md",
                "mode": "source",
                "source": false
              }
            }
          }
        ]
      }
    ],
    "direction": "vertical"
  },
  "left": {
    "id": "9d4fe312372dc801",
    "type": "split",
    "children": [
      {
        "id": "f551c6cae5bb99f5",
        "type": "tabs",
        "children": [
          {
            "id": "870d6d34c909ff3f",
            "type": "leaf",
            "state": {
              "type": "file-explorer",
              "state": {
                "sortOrder": "alphabetical"
              }
            }
          },
          {
            "id": "3293f1afb89a8c6e",
            "type": "leaf",
            "state": {
              "type": "search",
              "state": {
                "query": "",
                "matchingCase": false,
                "explainSearch": false,
                "collapseAll": false,
                "extraContext": false,
                "sortOrder": "alphabetical"
              }
            }
          },
          {
            "id": "26dfa87efa259abd",
            "type": "leaf",
            "state": {
              "type": "bookmarks",
              "state": {}
            }
          }
        ]
      }
    ],
    "direction": "horizontal",
    "width": 300
  },
  "right": {
    "id": "9b6728a40f35fef9",
    "type": "split",
    "children": [
      {
        "id": "58d77c4b076a1e3c",
        "type": "tabs",
        "children": [
          {
            "id": "7707e079903c46d5",
            "type": "leaf",
            "state": {
              "type": "backlink",
              "state": {
                "file": "Jaringan Komputer/Hasil Kuis (Pengkabelan).md",
                "collapseAll": false,
                "extraContext": false,
                "sortOrder": "alphabetical",
                "showSearch": false,
                "searchQuery": "",
                "backlinkCollapsed": false,
                "unlinkedCollapsed": true
              }
            }
          },
          {
            "id": "24cf9ed898d4b1e0",
            "type": "leaf",
            "state": {
              "type": "outgoing-link",
              "state": {
                "file": "Jaringan Komputer/Hasil Kuis (Pengkabelan).md",
                "linksCollapsed": false,
                "unlinkedCollapsed": true
              }
            }
          },
          {
            "id": "ee397cefbd9652c3",
            "type": "leaf",
            "state": {
              "type": "tag",
              "state": {
                "sortOrder": "frequency",
                "useHierarchy": true
              }
            }
          },
          {
            "id": "0ec1b6244d1d445d",
            "type": "leaf",
            "state": {
              "type": "outline",
              "state": {
                "file": "Jaringan Komputer/Hasil Kuis (Pengkabelan).md"
              }
            }
          },
          {
            "id": "1a43ea93fad3e17f",
            "type": "leaf",
            "state": {
              "type": "all-properties",
              "state": {
                "sortOrder": "frequency",
                "showSearch": false,
                "searchQuery": ""
              }
            }
          }
        ]
      }
    ],
    "direction": "horizontal",
    "width": 300,
    "collapsed": true
  },
  "left-ribbon": {
    "hiddenItems": {
      "switcher:Open quick switcher": false,
      "graph:Open graph view": false,
      "canvas:Create new canvas": false,
      "daily-notes:Open today's daily note": false,
      "templates:Insert template": false,
      "command-palette:Open command palette": false,
      "workspaces:Manage workspace layouts": false,
      "zk-prefixer:Create new unique note": false,
      "random-note:Open random note": false,
      "publish:Publish changes...": false,
      "markdown-importer:Open format converter": false,
      "audio-recorder:Start/stop recording": false
    }
  },
  "active": "dbf8f611697fa2c0",
  "lastOpenFiles": [
    "Algoritma & Pemrograman/Algoritma.md",
    "Basis Data/DBMS.md",
    "Basis Data/Microsoft Access.md",
    "Basis Data/Database.md",
    "Hardware",
    "Jaringan Komputer/Hasil Kuis (Pengkabelan).md",
    "Algoritma & Pemrograman/Pseudocode.md",
    "Notes of Selftest LCC.md",
    "Software",
    "Basis Data/SQL.md",
    "Multimedia/Multimedia.md",
    "Multimedia",
    "Jaringan Komputer/TCP IP Protocol.md",
    "Algoritma & Pemrograman",
    "Jaringan Komputer/Jaringan Komputer.md",
    "Pasted image 20240426195823.png",
    "Internet Protocol.md",
    "Pasted image 20240426194414.png",
    "Pasted image 20240426194358.png",
    "Pasted image 20240426194336.png",
    "Pasted image 20240426194341.png",
    "Basis Data",
    "Jaringan Komputer",
    "Jaringan Komputer/OSI Layer.md",
    "Jaringan Komputer",
    "link.md",
    "create a link.md"
  ]
}